Cuenta,"Tag
1","Tag
2","Tag
3","Tag
4","Tag
5","Tag
6","Tag
7","Tag
8","Tag
9","Tag
10","Tag
11","Tag
12"
111020,Assets,,CashAndCashEquivalents,BalancesWithBanks,Cash,,,NetAssetsLiabilities,,,,
111505,Assets,,CashAndCashEquivalents,BalancesWithBanks,Cash,,,NetAssetsLiabilities,,,,
111510,Assets,,CashAndCashEquivalents,BalancesWithBanks,Cash,,,NetAssetsLiabilities,,,,
111595,Assets,,CashAndCashEquivalents,BalancesWithBanks,Cash,,,NetAssetsLiabilities,,,,
122005,Assets,,CashAndCashEquivalents,BalancesWithBanks,Cash,,,NetAssetsLiabilities,,,,
130105,Assets,,Inversiones,ActivosFinancierosCorrientesValorRazonableCambiosResultadosInversiones,InversionesNegociables,NegociablesInstrumentosDeuda,,NetAssetsLiabilities,,,,
130115,Assets,,Inversiones,ActivosFinancierosCorrientesValorRazonableCambiosResultadosInversiones,InversionesNegociables,NegociablesInstrumentosDeuda,,NetAssetsLiabilities,,,,
130120,Assets,,Inversiones,ActivosFinancierosCorrientesValorRazonableCambiosResultadosInversiones,InversionesNegociables,NegociablesInstrumentosDeuda,,NetAssetsLiabilities,,,,
130205,Assets,,Inversiones,ActivosFinancierosCorrientesValorRazonableCambiosResultadosInversiones,InversionesNegociables,NegociablesInstrumentosPatrimonio,,NetAssetsLiabilities,,,,
130210,Assets,,Inversiones,ActivosFinancierosCorrientesValorRazonableCambiosResultadosInversiones,InversionesNegociables,NegociablesInstrumentosPatrimonio,,NetAssetsLiabilities,,,,
130515,Assets,,Inversiones,ActivosFinancierosCorrientesValorRazonableCambiosResultadosInversiones,InversionesNegociables,NegociablesInstrumentosPatrimonio,,NetAssetsLiabilities,,,,
130905,Assets,,Inversiones,ActivosFinancierosCorrientesValorRazonableCambiosResultadosInversiones,InversionesNegociables,NegociablesInstrumentosPatrimonio,,NetAssetsLiabilities,,,,
131005,Assets,,Inversiones,ActivosFinancierosCorrientesValorRazonableCambiosResultadosInversiones,InversionesNegociables,NegociablesInstrumentosPatrimonio,,NetAssetsLiabilities,,,,
135115,Assets,,Inversiones,ActivosFinancierosCorrientesValorRazonableCambiosResultadosInversiones,InversionesNegociables,NegociablesInstrumentosPatrimonio,,NetAssetsLiabilities,,,,
135120,Assets,,Inversiones,ActivosFinancierosCorrientesValorRazonableCambiosResultadosInversiones,InversionesNegociables,NegociablesInstrumentosPatrimonio,,NetAssetsLiabilities,,,,
135140,Assets,,Inversiones,ActivosFinancierosCorrientesValorRazonableCambiosResultadosInversiones,InversionesNegociables,NegociablesInstrumentosPatrimonio,,NetAssetsLiabilities,,,,
135145,Assets,,Inversiones,ActivosFinancierosCorrientesValorRazonableCambiosResultadosInversiones,InversionesNegociables,NegociablesInstrumentosPatrimonio,,NetAssetsLiabilities,,,,
135305,Assets,,Inversiones,ActivosFinancierosCorrientesValorRazonableCambiosResultadosInversiones,InversionesNegociables,NegociablesInstrumentosPatrimonio,,NetAssetsLiabilities,,,,
135310,Assets,,Inversiones,ActivosFinancierosCorrientesValorRazonableCambiosResultadosInversiones,InversionesNegociables,NegociablesInstrumentosPatrimonio,,NetAssetsLiabilities,,,,
135315,Assets,,Inversiones,ActivosFinancierosCorrientesValorRazonableCambiosResultadosInversiones,InversionesNegociables,NegociablesInstrumentosPatrimonio,,NetAssetsLiabilities,,,,
135505,Assets,,Inversiones,ActivosFinancierosCorrientesValorRazonableCambiosResultadosInversiones,InversionesNegociables,NegociablesInstrumentosPatrimonio,,NetAssetsLiabilities,,,,
135530,Assets,,Inversiones,ActivosFinancierosCorrientesValorRazonableCambiosResultadosInversiones,InversionesNegociables,NegociablesInstrumentosPatrimonio,,NetAssetsLiabilities,,,,
136000,Assets,,Inversiones,ActivosFinancierosCorrientesValorRazonableCambiosResultadosInversiones,InversionesNegociables,NegociablesInstrumentosPatrimonio,,NetAssetsLiabilities,,,,
136005,Assets,,Inversiones,ActivosFinancierosCorrientesValorRazonableCambiosResultadosInversiones,InversionesNegociables,NegociablesInstrumentosPatrimonio,,NetAssetsLiabilities,,,,
139005,Assets,,Inversiones,ActivosFinancierosCorrientesValorRazonableCambiosResultadosInversiones,InversionesNegociables,NegociablesInstrumentosPatrimonio,,NetAssetsLiabilities,,,,
139010,Assets,,Inversiones,ActivosFinancierosCorrientesValorRazonableCambiosResultadosInversiones,InversionesNegociables,NegociablesInstrumentosPatrimonio,,NetAssetsLiabilities,,,,
160595,Assets,,TradeAndOtherReceivables,,,,,NetAssetsLiabilities,,,,
161095,Assets,,TradeAndOtherReceivables,,,,,NetAssetsLiabilities,,,,
161205,Assets,,TradeAndOtherReceivables,,,,,NetAssetsLiabilities,,,,
161620,Assets,,TradeAndOtherReceivables,,,,,NetAssetsLiabilities,,,,
161625,Assets,,TradeAndOtherReceivables,,,,,NetAssetsLiabilities,,,,
160560,Assets,,TradeAndOtherReceivables,,,,,NetAssetsLiabilities,,,,
161695,Assets,,TradeAndOtherReceivables,,,,,NetAssetsLiabilities,,,,
161795,Assets,,TradeAndOtherReceivables,,,,,NetAssetsLiabilities,,,,
162810,Assets,,TradeAndOtherReceivables,,,,,NetAssetsLiabilities,,,,
162825,Assets,,TradeAndOtherReceivables,,,,,NetAssetsLiabilities,,,,
163020,Assets,,TradeAndOtherReceivables,,,,,NetAssetsLiabilities,,,,
163035,Assets,,TradeAndOtherReceivables,,,,,NetAssetsLiabilities,,,,
163205,Assets,,TradeAndOtherReceivables,,,,,NetAssetsLiabilities,,,,
169095,Assets,,TradeAndOtherReceivables,,,,,NetAssetsLiabilities,,,,
169495,Assets,,TradeAndOtherReceivables,,,,,NetAssetsLiabilities,,,,
169895,Assets,,TradeAndOtherReceivables,,,,,NetAssetsLiabilities,,,,
170115,Assets,,TradeAndOtherReceivables,,,,,NetAssetsLiabilities,,,,
170530,Assets,,NoncurrentAssetsOrDisposalGroupsClassifiedAsHeldForSaleOrAsHeldForDistributionToOwners,,,,,NetAssetsLiabilities,,,,
182335,Assets,,OtherNonfinancialAssets,,,,,NetAssetsLiabilities,,,,
182705,Assets,,OtherNonfinancialAssets,,,,,NetAssetsLiabilities,,,,
182715,Assets,,OtherNonfinancialAssets,,,,,NetAssetsLiabilities,,,,
192595,Assets,,OtherNonfinancialAssets,,,,,NetAssetsLiabilities,,,,
212410,EquityAndLiabilities,Liabilities,OtherFinancialLiabilities,,,,,NetAssetsLiabilities,,,,
221010,EquityAndLiabilities,Liabilities,OtherFinancialLiabilities,,,,,NetAssetsLiabilities,,,,
222005,EquityAndLiabilities,Liabilities,OtherFinancialLiabilities,,,,,NetAssetsLiabilities,,,,
222030,EquityAndLiabilities,Liabilities,OtherFinancialLiabilities,,,,,NetAssetsLiabilities,,,,
225005,EquityAndLiabilities,Liabilities,OtherFinancialLiabilities,,,,,NetAssetsLiabilities,,,,
225015,EquityAndLiabilities,Liabilities,OtherFinancialLiabilities,,,,,NetAssetsLiabilities,,,,
225020,EquityAndLiabilities,Liabilities,OtherFinancialLiabilities,,,,,NetAssetsLiabilities,,,,
225040,EquityAndLiabilities,Liabilities,OtherFinancialLiabilities,,,,,NetAssetsLiabilities,,,,
225045,EquityAndLiabilities,Liabilities,OtherFinancialLiabilities,,,,,NetAssetsLiabilities,,,,
243505,EquityAndLiabilities,Liabilities,TradeAndOtherPayables,,,,,NetAssetsLiabilities,,,,
249005,EquityAndLiabilities,Liabilities,TradeAndOtherPayables,,,,,NetAssetsLiabilities,,,,
250105,EquityAndLiabilities,Liabilities,TradeAndOtherPayables,,,,,NetAssetsLiabilities,,,,
250110,EquityAndLiabilities,Liabilities,TradeAndOtherPayables,,,,,NetAssetsLiabilities,,,,
250195,EquityAndLiabilities,Liabilities,TradeAndOtherPayables,,,,,NetAssetsLiabilities,,,,
250205,EquityAndLiabilities,Liabilities,TradeAndOtherPayables,,,,,NetAssetsLiabilities,,,,
250225,EquityAndLiabilities,Liabilities,TradeAndOtherPayables,,,,,NetAssetsLiabilities,,,,
250295,EquityAndLiabilities,Liabilities,TradeAndOtherPayables,,,,,NetAssetsLiabilities,,,,
250305,EquityAndLiabilities,Liabilities,TradeAndOtherPayables,,,,,NetAssetsLiabilities,,,,
250340,EquityAndLiabilities,Liabilities,TradeAndOtherPayables,,,,,NetAssetsLiabilities,,,,
250705,EquityAndLiabilities,Liabilities,TradeAndOtherPayables,,,,,NetAssetsLiabilities,,,,
251905,EquityAndLiabilities,Liabilities,TradeAndOtherPayables,,,,,NetAssetsLiabilities,,,,
253105,EquityAndLiabilities,Liabilities,TradeAndOtherPayables,,,,,NetAssetsLiabilities,,,,
290715,EquityAndLiabilities,Liabilities,TradeAndOtherPayables,,,,,NetAssetsLiabilities,,,,
352505,EquityAndLiabilities,Equity,EquityAttributableToOwnersOfParent,OtherEquityInterest,,,,,,,,
352510,EquityAndLiabilities,Equity,EquityAttributableToOwnersOfParent,OtherEquityInterest,,,,,,,,
410305,EquityAndLiabilities,Equity,EquityAttributableToOwnersOfParent,OtherEquityInterest,ProfitLossFromContinuingOperations,ProfitLoss,ProfitLossBeforeTax,ProfitLossFromOperatingActivities,OtherExpenseByNature,OtherRevenue,,
410355,EquityAndLiabilities,Equity,EquityAttributableToOwnersOfParent,OtherEquityInterest,ProfitLossFromContinuingOperations,ProfitLoss,ProfitLossBeforeTax,ProfitLossFromOperatingActivities,OtherExpenseByNature,OtherRevenue,,
410395,EquityAndLiabilities,Equity,EquityAttributableToOwnersOfParent,OtherEquityInterest,ProfitLossFromContinuingOperations,ProfitLoss,ProfitLossBeforeTax,ProfitLossFromOperatingActivities,OtherExpenseByNature,OtherRevenue,,
410495,EquityAndLiabilities,Equity,EquityAttributableToOwnersOfParent,OtherEquityInterest,ProfitLossFromContinuingOperations,ProfitLoss,ProfitLossBeforeTax,ProfitLossFromOperatingActivities,Revenue,OtherRevenue,,
410595,EquityAndLiabilities,Equity,EquityAttributableToOwnersOfParent,OtherEquityInterest,ProfitLossFromContinuingOperations,ProfitLoss,ProfitLossBeforeTax,ProfitLossFromOperatingActivities,Revenue,OtherRevenue,,
410705,EquityAndLiabilities,Equity,EquityAttributableToOwnersOfParent,OtherEquityInterest,ProfitLossFromContinuingOperations,ProfitLoss,ProfitLossBeforeTax,ProfitLossFromOperatingActivities,Revenue,OtherRevenue,,AdjustmentsForDecreaseIncreaseInOtherCurrentAssets
410805,EquityAndLiabilities,Equity,EquityAttributableToOwnersOfParent,OtherEquityInterest,ProfitLossFromContinuingOperations,ProfitLoss,ProfitLossBeforeTax,ProfitLossFromOperatingActivities,OtherExpenseByNature,,,AdjustmentsForDecreaseIncreaseInOtherCurrentAssets
411405,EquityAndLiabilities,Equity,EquityAttributableToOwnersOfParent,OtherEquityInterest,ProfitLossFromContinuingOperations,ProfitLoss,ProfitLossBeforeTax,ProfitLossFromOperatingActivities,Revenue,InterestIncomeOnCashAndCashEquivalents,,
411415,EquityAndLiabilities,Equity,EquityAttributableToOwnersOfParent,OtherEquityInterest,ProfitLossFromContinuingOperations,ProfitLoss,ProfitLossBeforeTax,ProfitLossFromOperatingActivities,Revenue,InterestIncomeOnCashAndCashEquivalents,,
411495,EquityAndLiabilities,Equity,EquityAttributableToOwnersOfParent,OtherEquityInterest,ProfitLossFromContinuingOperations,ProfitLoss,ProfitLossBeforeTax,ProfitLossFromOperatingActivities,Revenue,InterestIncomeOnCashAndCashEquivalents,,
412505,EquityAndLiabilities,Equity,EquityAttributableToOwnersOfParent,OtherEquityInterest,ProfitLossFromContinuingOperations,ProfitLoss,ProfitLossBeforeTax,ProfitLossFromOperatingActivities,Revenue,,,
412510,EquityAndLiabilities,Equity,EquityAttributableToOwnersOfParent,OtherEquityInterest,ProfitLossFromContinuingOperations,ProfitLoss,ProfitLossBeforeTax,ProfitLossFromOperatingActivities,Revenue,,,
412917,EquityAndLiabilities,Equity,EquityAttributableToOwnersOfParent,OtherEquityInterest,ProfitLossFromContinuingOperations,ProfitLoss,ProfitLossBeforeTax,ProfitLossFromOperatingActivities,Revenue,,,AdjustmentsForDecreaseIncreaseInOtherCurrentAssets
412920,EquityAndLiabilities,Equity,EquityAttributableToOwnersOfParent,OtherEquityInterest,ProfitLossFromContinuingOperations,ProfitLoss,ProfitLossBeforeTax,ProfitLossFromOperatingActivities,Revenue,OtherRevenue,,AdjustmentsForDecreaseIncreaseInOtherCurrentAssets
412922,EquityAndLiabilities,Equity,EquityAttributableToOwnersOfParent,OtherEquityInterest,ProfitLossFromContinuingOperations,ProfitLoss,ProfitLossBeforeTax,ProfitLossFromOperatingActivities,Revenue,OtherRevenue,,AdjustmentsForDecreaseIncreaseInOtherCurrentAssets
412925,EquityAndLiabilities,Equity,EquityAttributableToOwnersOfParent,OtherEquityInterest,ProfitLossFromContinuingOperations,ProfitLoss,ProfitLossBeforeTax,ProfitLossFromOperatingActivities,Revenue,OtherRevenue,,AdjustmentsForDecreaseIncreaseInOtherCurrentAssets
412937,EquityAndLiabilities,Equity,EquityAttributableToOwnersOfParent,OtherEquityInterest,ProfitLossFromContinuingOperations,ProfitLoss,ProfitLossBeforeTax,ProfitLossFromOperatingActivities,Revenue,OtherRevenue,,AdjustmentsForDecreaseIncreaseInOtherCurrentAssets
412940,EquityAndLiabilities,Equity,EquityAttributableToOwnersOfParent,OtherEquityInterest,ProfitLossFromContinuingOperations,ProfitLoss,ProfitLossBeforeTax,ProfitLossFromOperatingActivities,Revenue,OtherRevenue,,AdjustmentsForDecreaseIncreaseInOtherCurrentAssets
413515,EquityAndLiabilities,Equity,EquityAttributableToOwnersOfParent,OtherEquityInterest,ProfitLossFromContinuingOperations,ProfitLoss,ProfitLossBeforeTax,ProfitLossFromOperatingActivities,OtherExpenseByNature,,,
413535,EquityAndLiabilities,Equity,EquityAttributableToOwnersOfParent,OtherEquityInterest,ProfitLossFromContinuingOperations,ProfitLoss,ProfitLossBeforeTax,ProfitLossFromOperatingActivities,OtherExpenseByNature,,,
414515,EquityAndLiabilities,Equity,EquityAttributableToOwnersOfParent,OtherEquityInterest,ProfitLossFromContinuingOperations,ProfitLoss,ProfitLossBeforeTax,ProfitLossFromOperatingActivities,Revenue,OtherRevenue,,
419220,EquityAndLiabilities,Equity,EquityAttributableToOwnersOfParent,OtherEquityInterest,ProfitLossFromContinuingOperations,ProfitLoss,ProfitLossBeforeTax,ProfitLossFromOperatingActivities,Revenue,OtherRevenue,,
419230,EquityAndLiabilities,Equity,EquityAttributableToOwnersOfParent,OtherEquityInterest,ProfitLossFromContinuingOperations,ProfitLoss,ProfitLossBeforeTax,ProfitLossFromOperatingActivities,Revenue,OtherRevenue,,
419530,EquityAndLiabilities,Equity,EquityAttributableToOwnersOfParent,OtherEquityInterest,ProfitLossFromContinuingOperations,ProfitLoss,ProfitLossBeforeTax,ProfitLossFromOperatingActivities,Revenue,OtherRevenue,,
419595,EquityAndLiabilities,Equity,EquityAttributableToOwnersOfParent,OtherEquityInterest,ProfitLossFromContinuingOperations,ProfitLoss,ProfitLossBeforeTax,ProfitLossFromOperatingActivities,Revenue,OtherRevenue,,
419805,EquityAndLiabilities,Equity,EquityAttributableToOwnersOfParent,OtherEquityInterest,ProfitLossFromContinuingOperations,ProfitLoss,ProfitLossBeforeTax,ProfitLossFromOperatingActivities,Revenue,OtherRevenue,,
510305,EquityAndLiabilities,Equity,EquityAttributableToOwnersOfParent,OtherEquityInterest,ProfitLossFromContinuingOperations,ProfitLoss,ProfitLossBeforeTax,ProfitLossFromOperatingActivities,OtherExpenseByNature,,,
510310,EquityAndLiabilities,Equity,EquityAttributableToOwnersOfParent,OtherEquityInterest,ProfitLossFromContinuingOperations,ProfitLoss,ProfitLossBeforeTax,ProfitLossFromOperatingActivities,OtherExpenseByNature,,,
510350,EquityAndLiabilities,Equity,EquityAttributableToOwnersOfParent,OtherEquityInterest,ProfitLossFromContinuingOperations,ProfitLoss,ProfitLossBeforeTax,ProfitLossFromOperatingActivities,OtherExpenseByNature,,,
510395,EquityAndLiabilities,Equity,EquityAttributableToOwnersOfParent,OtherEquityInterest,ProfitLossFromContinuingOperations,ProfitLoss,ProfitLossBeforeTax,ProfitLossFromOperatingActivities,OtherExpenseByNature,,,
510440,EquityAndLiabilities,Equity,EquityAttributableToOwnersOfParent,OtherEquityInterest,ProfitLossFromContinuingOperations,ProfitLoss,ProfitLossBeforeTax,ProfitLossFromOperatingActivities,OtherExpenseByNature,,,
510495,EquityAndLiabilities,Equity,EquityAttributableToOwnersOfParent,OtherEquityInterest,ProfitLossFromContinuingOperations,ProfitLoss,ProfitLossBeforeTax,ProfitLossFromOperatingActivities,OtherExpenseByNature,,,
510605,EquityAndLiabilities,Equity,EquityAttributableToOwnersOfParent,OtherEquityInterest,ProfitLossFromContinuingOperations,ProfitLoss,ProfitLossBeforeTax,ProfitLossFromOperatingActivities,OtherExpenseByNature,,,AdjustmentsForDecreaseIncreaseInOtherCurrentAssets
510805,EquityAndLiabilities,Equity,EquityAttributableToOwnersOfParent,OtherEquityInterest,ProfitLossFromContinuingOperations,ProfitLoss,ProfitLossBeforeTax,ProfitLossFromOperatingActivities,OtherExpenseByNature,,,AdjustmentsForDecreaseIncreaseInOtherCurrentAssets
511325,EquityAndLiabilities,Equity,EquityAttributableToOwnersOfParent,OtherEquityInterest,ProfitLossFromContinuingOperations,ProfitLoss,ProfitLossBeforeTax,ProfitLossFromOperatingActivities,OtherExpenseByNature,BrokerageFeeExpense,FeeAndCommissionExpense,FeeAndCommissionIncomeExpense
511395,EquityAndLiabilities,Equity,EquityAttributableToOwnersOfParent,OtherEquityInterest,ProfitLossFromContinuingOperations,ProfitLoss,ProfitLossBeforeTax,ProfitLossFromOperatingActivities,OtherExpenseByNature,BrokerageFeeExpense,FeeAndCommissionExpense,FeeAndCommissionIncomeExpense
511512,EquityAndLiabilities,Equity,EquityAttributableToOwnersOfParent,OtherEquityInterest,ProfitLossFromContinuingOperations,ProfitLoss,ProfitLossBeforeTax,ProfitLossFromOperatingActivities,OtherExpenseByNature,OtherFeeAndCommissionExpense,FeeAndCommissionExpense,FeeAndCommissionIncomeExpense
511548,EquityAndLiabilities,Equity,EquityAttributableToOwnersOfParent,OtherEquityInterest,ProfitLossFromContinuingOperations,ProfitLoss,ProfitLossBeforeTax,ProfitLossFromOperatingActivities,OtherExpenseByNature,OtherFeeAndCommissionExpense,FeeAndCommissionExpense,FeeAndCommissionIncomeExpense
511595,EquityAndLiabilities,Equity,EquityAttributableToOwnersOfParent,OtherEquityInterest,ProfitLossFromContinuingOperations,ProfitLoss,ProfitLossBeforeTax,ProfitLossFromOperatingActivities,OtherExpenseByNature,OtherFeeAndCommissionExpense,FeeAndCommissionExpense,FeeAndCommissionIncomeExpense
511805,EquityAndLiabilities,Equity,EquityAttributableToOwnersOfParent,OtherEquityInterest,ProfitLossFromContinuingOperations,ProfitLoss,ProfitLossBeforeTax,ProfitLossFromOperatingActivities,OtherExpenseByNature,OtherFeeAndCommissionExpense,FeeAndCommissionExpense,FeeAndCommissionIncomeExpense
511815,EquityAndLiabilities,Equity,EquityAttributableToOwnersOfParent,OtherEquityInterest,ProfitLossFromContinuingOperations,ProfitLoss,ProfitLossBeforeTax,ProfitLossFromOperatingActivities,OtherExpenseByNature,OtherFeeAndCommissionExpense,FeeAndCommissionExpense,FeeAndCommissionIncomeExpense
512541,EquityAndLiabilities,Equity,EquityAttributableToOwnersOfParent,OtherEquityInterest,ProfitLossFromContinuingOperations,ProfitLoss,ProfitLossBeforeTax,ProfitLossFromOperatingActivities,OtherExpenseByNature,OtherFeeAndCommissionExpense,FeeAndCommissionExpense,FeeAndCommissionIncomeExpense
512505,EquityAndLiabilities,Equity,EquityAttributableToOwnersOfParent,OtherEquityInterest,ProfitLossFromContinuingOperations,ProfitLoss,ProfitLossBeforeTax,ProfitLossFromOperatingActivities,OtherExpenseByNature,,,
512510,EquityAndLiabilities,Equity,EquityAttributableToOwnersOfParent,OtherEquityInterest,ProfitLossFromContinuingOperations,ProfitLoss,ProfitLossBeforeTax,ProfitLossFromOperatingActivities,OtherExpenseByNature,,,
512610,EquityAndLiabilities,Equity,EquityAttributableToOwnersOfParent,OtherEquityInterest,ProfitLossFromContinuingOperations,ProfitLoss,ProfitLossBeforeTax,ProfitLossFromOperatingActivities,OtherExpenseByNature,,,
512917,EquityAndLiabilities,Equity,EquityAttributableToOwnersOfParent,OtherEquityInterest,ProfitLossFromContinuingOperations,ProfitLoss,ProfitLossBeforeTax,ProfitLossFromOperatingActivities,OtherExpenseByNature,,,AdjustmentsForDecreaseIncreaseInOtherCurrentAssets
512920,EquityAndLiabilities,Equity,EquityAttributableToOwnersOfParent,OtherEquityInterest,ProfitLossFromContinuingOperations,ProfitLoss,ProfitLossBeforeTax,ProfitLossFromOperatingActivities,OtherExpenseByNature,,,AdjustmentsForDecreaseIncreaseInOtherCurrentAssets
512922,EquityAndLiabilities,Equity,EquityAttributableToOwnersOfParent,OtherEquityInterest,ProfitLossFromContinuingOperations,ProfitLoss,ProfitLossBeforeTax,ProfitLossFromOperatingActivities,OtherExpenseByNature,,,AdjustmentsForDecreaseIncreaseInOtherCurrentAssets
512925,EquityAndLiabilities,Equity,EquityAttributableToOwnersOfParent,OtherEquityInterest,ProfitLossFromContinuingOperations,ProfitLoss,ProfitLossBeforeTax,ProfitLossFromOperatingActivities,OtherExpenseByNature,,,AdjustmentsForDecreaseIncreaseInOtherCurrentAssets
512937,EquityAndLiabilities,Equity,EquityAttributableToOwnersOfParent,OtherEquityInterest,ProfitLossFromContinuingOperations,ProfitLoss,ProfitLossBeforeTax,ProfitLossFromOperatingActivities,OtherExpenseByNature,,,AdjustmentsForDecreaseIncreaseInOtherCurrentAssets
512940,EquityAndLiabilities,Equity,EquityAttributableToOwnersOfParent,OtherEquityInterest,ProfitLossFromContinuingOperations,ProfitLoss,ProfitLossBeforeTax,ProfitLossFromOperatingActivities,OtherExpenseByNature,,,AdjustmentsForDecreaseIncreaseInOtherCurrentAssets
512905,EquityAndLiabilities,Equity,EquityAttributableToOwnersOfParent,OtherEquityInterest,ProfitLossFromContinuingOperations,ProfitLoss,ProfitLossBeforeTax,ProfitLossFromOperatingActivities,Revenue,,,
513015,EquityAndLiabilities,Equity,EquityAttributableToOwnersOfParent,OtherEquityInterest,ProfitLossFromContinuingOperations,ProfitLoss,ProfitLossBeforeTax,ProfitLossFromOperatingActivities,OtherExpenseByNature,,,
513020,EquityAndLiabilities,Equity,EquityAttributableToOwnersOfParent,OtherEquityInterest,ProfitLossFromContinuingOperations,ProfitLoss,ProfitLossBeforeTax,ProfitLossFromOperatingActivities,OtherExpenseByNature,,,
513025,EquityAndLiabilities,Equity,EquityAttributableToOwnersOfParent,OtherEquityInterest,ProfitLossFromContinuingOperations,ProfitLoss,ProfitLossBeforeTax,ProfitLossFromOperatingActivities,OtherExpenseByNature,,,
513030,EquityAndLiabilities,Equity,EquityAttributableToOwnersOfParent,OtherEquityInterest,ProfitLossFromContinuingOperations,ProfitLoss,ProfitLossBeforeTax,ProfitLossFromOperatingActivities,OtherExpenseByNature,,,
513095,EquityAndLiabilities,Equity,EquityAttributableToOwnersOfParent,OtherEquityInterest,ProfitLossFromContinuingOperations,ProfitLoss,ProfitLossBeforeTax,ProfitLossFromOperatingActivities,OtherExpenseByNature,,,
513515,EquityAndLiabilities,Equity,EquityAttributableToOwnersOfParent,OtherEquityInterest,ProfitLossFromContinuingOperations,ProfitLoss,ProfitLossBeforeTax,ProfitLossFromOperatingActivities,OtherExpenseByNature,,,
513535,EquityAndLiabilities,Equity,EquityAttributableToOwnersOfParent,OtherEquityInterest,ProfitLossFromContinuingOperations,ProfitLoss,ProfitLossBeforeTax,ProfitLossFromOperatingActivities,OtherExpenseByNature,,,
514005,EquityAndLiabilities,Equity,EquityAttributableToOwnersOfParent,OtherEquityInterest,ProfitLossFromContinuingOperations,ProfitLoss,ProfitLossBeforeTax,ProfitLossFromOperatingActivities,OtherExpenseByNature,,,
514595,EquityAndLiabilities,Equity,EquityAttributableToOwnersOfParent,OtherEquityInterest,ProfitLossFromContinuingOperations,ProfitLoss,ProfitLossBeforeTax,ProfitLossFromOperatingActivities,OtherExpenseByNature,,,
515525,EquityAndLiabilities,Equity,EquityAttributableToOwnersOfParent,OtherEquityInterest,ProfitLossFromContinuingOperations,ProfitLoss,ProfitLossBeforeTax,ProfitLossFromOperatingActivities,OtherExpenseByNature,,,
515535,EquityAndLiabilities,Equity,EquityAttributableToOwnersOfParent,OtherEquityInterest,ProfitLossFromContinuingOperations,ProfitLoss,ProfitLossBeforeTax,ProfitLossFromOperatingActivities,OtherExpenseByNature,,,
515550,EquityAndLiabilities,Equity,EquityAttributableToOwnersOfParent,OtherEquityInterest,ProfitLossFromContinuingOperations,ProfitLoss,ProfitLossBeforeTax,ProfitLossFromOperatingActivities,OtherExpenseByNature,,,
515595,EquityAndLiabilities,Equity,EquityAttributableToOwnersOfParent,OtherEquityInterest,ProfitLossFromContinuingOperations,ProfitLoss,ProfitLossBeforeTax,ProfitLossFromOperatingActivities,OtherExpenseByNature,,,
516060,EquityAndLiabilities,Equity,EquityAttributableToOwnersOfParent,OtherEquityInterest,ProfitLossFromContinuingOperations,ProfitLoss,ProfitLossBeforeTax,ProfitLossFromOperatingActivities,OtherExpenseByNature,,,
516070,EquityAndLiabilities,Equity,EquityAttributableToOwnersOfParent,OtherEquityInterest,ProfitLossFromContinuingOperations,ProfitLoss,ProfitLossBeforeTax,ProfitLossFromOperatingActivities,OtherExpenseByNature,,,
517020,EquityAndLiabilities,Equity,EquityAttributableToOwnersOfParent,OtherEquityInterest,ProfitLossFromContinuingOperations,ProfitLoss,ProfitLossBeforeTax,ProfitLossFromOperatingActivities,OtherExpenseByNature,,,
517040,EquityAndLiabilities,Equity,EquityAttributableToOwnersOfParent,OtherEquityInterest,ProfitLossFromContinuingOperations,ProfitLoss,ProfitLossBeforeTax,ProfitLossFromOperatingActivities,OtherExpenseByNature,,,
519025,EquityAndLiabilities,Equity,EquityAttributableToOwnersOfParent,OtherEquityInterest,ProfitLossFromContinuingOperations,ProfitLoss,ProfitLossBeforeTax,ProfitLossFromOperatingActivities,OtherExpenseByNature,,,
519085,EquityAndLiabilities,Equity,EquityAttributableToOwnersOfParent,OtherEquityInterest,ProfitLossFromContinuingOperations,ProfitLoss,ProfitLossBeforeTax,ProfitLossFromOperatingActivities,OtherExpenseByNature,,,
519095,EquityAndLiabilities,Equity,EquityAttributableToOwnersOfParent,OtherEquityInterest,ProfitLossFromContinuingOperations,ProfitLoss,ProfitLossBeforeTax,ProfitLossFromOperatingActivities,OtherExpenseByNature,,,
590505,EquityAndLiabilities,Equity,EquityAttributableToOwnersOfParent,OtherEquityInterest,,,,,,,,
810505,EquityAndLiabilities,Equity,EquityAttributableToOwnersOfParent,,,,,,,,,
811010,EquityAndLiabilities,Equity,EquityAttributableToOwnersOfParent,,,,,,,,,
819595,EquityAndLiabilities,Equity,EquityAttributableToOwnersOfParent,,,,,,,,,
821505,EquityAndLiabilities,Equity,EquityAttributableToOwnersOfParent,,,,,,,,,
821510,EquityAndLiabilities,Equity,EquityAttributableToOwnersOfParent,,,,,,,,,
829595,EquityAndLiabilities,Equity,EquityAttributableToOwnersOfParent,,,,,,,,,
830505,EquityAndLiabilities,Equity,EquityAttributableToOwnersOfParent,,,,,,,,,
840505,EquityAndLiabilities,Equity,EquityAttributableToOwnersOfParent,,,,,,,,,
,,,,,,,,,,,,
,,,,,,,,,,,,
,,,,,,,,,,,,
,,,,,,,,,,,,
,,,,,,,,,,,,
,,,,,,,,,,,,
,,,,,,,,,,,,
,,,,,,,,,,,,
,,,,,,,,,,,,
,,,,,,,,,,,,
,,,,,,,,,,,,
,,,,,,,,,,,,
,,,,,,,,,,,,
,,,,,,,,,,,,
,,,,,,,,,,,,
,,,,,,,,,,,,
,,,,,,,,,,,,
,,,,,,,,,,,,
,,,,,,,,,,,,
,,,,,,,,,,,,
513015,AuditorsRemunerationForAuditServices,AuditorsRemuneration,,,,,,,,,,
,,,,,,,,,,,,
,,,,,,,,,,,,
[818000] Notas - Partes relacionadas,RevenueFromSaleOfGoodsRelatedPartyTransactions,,,,,,,,,,,
,,,,,,,,,,,,
,,,,,,,,,,,,
822390-1a Información a revelar de activos financieros [bloque de texto],,,,,,,,,,,,
,,,,,,,,,,,,
,EquityInvestmentsMember,,,,,,,,,,,
,,,,,,,,,,,,
,,,,,,,,,,,,
,FinancialAssetsAtFairValueMember,,,,,,,,,,,
,,,,,,,,,,,,
,,,,,,,,,,,,
,FinancialAssetsMember,,,,,,,,,,,
,,,,,,,,,,,,
,,,,,,,,,,,,
,FinancialAssetsCategoryMember,,,,,,,,,,,
,,,,,,,,,,,,
822390-2 Información a revelar sobre pasivos financieros [bloque de texto],,,,,,,,,,,,
,,,,,,,,,,,,
,FinancialLiabilities,,,,,,,,,,,